Title,Description
SmartHome Hub Pro,"Control your entire smart home ecosystem with our advanced SmartHome Hub Pro. Features voice control, intuitive app interface, and compatibility with over 100 smart device brands."
EcoTherm Smart Thermostat,Save energy and money with the EcoTherm Smart Thermostat. Learn your habits and automatically adjust temperature for optimal comfort and efficiency.
LuminaGlow Smart Bulb Set,Transform your home lighting with the LuminaGlow Smart Bulb Set. Includes 4 color-changing bulbs that can be controlled via app or voice commands.
SecureGuard Smart Lock,"Enhance your home security with the SecureGuard Smart Lock. Features keyless entry, temporary access codes, and real-time alerts."
ClearView Pro Security Camera,"Keep an eye on your property with the ClearView Pro Security Camera. Offers 4K resolution, night vision, and two-way audio communication."
RingMaster Smart Doorbell,"Never miss a visitor with the RingMaster Smart Doorbell. HD video, motion detection, and smartphone notifications keep you connected to your front door."
VoiceAssist Smart Speaker,"Meet your new home assistant - the VoiceAssist Smart Speaker. High-quality audio, voice control for smart devices, and access to multiple streaming services."
PowerControl Smart Plug (4-Pack),"Make any device smart with the PowerControl Smart Plug. Control electronics remotely, set schedules, and monitor energy usage."
SafeGuard Smart Smoke Detector,"Protect your home with the SafeGuard Smart Smoke Detector. Sends alerts to your phone, interconnects with other alarms, and performs self-tests."
FridgeMaster Smart Refrigerator,"Upgrade your kitchen with the FridgeMaster Smart Refrigerator. Features a touchscreen display, interior cameras, and automatic grocery ordering."
GardenMate Smart Sprinkler Controller,Maintain a perfect lawn effortlessly with the GardenMate Smart Sprinkler Controller. Adjusts watering based on weather forecasts and soil moisture levels.
SoundMax Wireless Surround Sound System,"Experience cinema-quality audio at home with the SoundMax Wireless Surround Sound System. Easy setup, Bluetooth connectivity, and voice control support."
CleanSweep Robot Vacuum,"Let the CleanSweep Robot Vacuum do the cleaning for you. Smart mapping, scheduled cleaning, and automatic recharging keep your floors spotless."
AirPure Smart Air Purifier,"Breathe easier with the AirPure Smart Air Purifier. Removes 99.97% of airborne particles, monitors air quality, and adjusts settings automatically."
SleepWell Smart Mattress,"Get your best sleep ever with the SleepWell Smart Mattress. Adjusts firmness, tracks sleep patterns, and integrates with your smart home for optimal sleep conditions."
BrightView Smart Window Blinds,"Control natural light effortlessly with BrightView Smart Window Blinds. Programmable schedules, voice control, and integration with smart light bulbs for perfect ambiance."
SafeBox Smart Gun Safe,"Secure your firearms with the SafeBox Smart Gun Safe. Biometric lock, tamper alerts, and humidity control ensure your valuables are protected and preserved."
PetPal Smart Pet Feeder,"Take care of your furry friends with the PetPal Smart Pet Feeder. Scheduled feedings, portion control, and live video feed keep your pets happy and healthy."
BrewMaster Smart Coffee Maker,"Start your day right with the BrewMaster Smart Coffee Maker. Custom brewing schedules, temperature control, and mobile app ensure the perfect cup every time."
GymBuddy Smart Exercise Bike,"Achieve your fitness goals with the GymBuddy Smart Exercise Bike. Live and on-demand classes, performance tracking, and integration with fitness apps for a complete workout experience."
SolarSmart Home Battery,"Harness the power of the sun with the SolarSmart Home Battery. Store excess solar energy, manage power during outages, and reduce your carbon footprint."
KidGuard Smart Baby Monitor,"Keep an eye on your little one with the KidGuard Smart Baby Monitor. HD video, two-way audio, temperature sensing, and cry detection for complete peace of mind."
GarageGuard Smart Garage Door Opener,"Never worry about leaving the garage open with the GarageGuard Smart Garage Door Opener. Remote access, voice control, and integration with your car's GPS for automatic opening and closing."
WeatherWatcher Smart Weather Station,"Be your own meteorologist with the WeatherWatcher Smart Weather Station. Accurate local forecasts, air quality monitoring, and integration with your smart home devices for weather-based automation."
WineKeeper Smart Wine Fridge,"Preserve your wine collection perfectly with the WineKeeper Smart Wine Fridge. Precise temperature and humidity control, inventory management, and pairing recommendations via smartphone app."
