Device,Issue,Steps
SmartHome Hub,Won't connect to Wi-Fi,"Ensure your Wi-Fi network is operational
Check if the hub is within range of your Wi-Fi router
Verify that you're using the correct Wi-Fi password
Restart your SmartHome Hub
Try resetting your Wi-Fi router
If problem persists, try resetting the hub to factory settings"
Smart Thermostat,Incorrect temperature readings,"Check if the thermostat is placed away from direct sunlight or drafts
Ensure there are no heat-generating devices near the thermostat
Clean the thermostat's vents gently with compressed air
Recalibrate the thermostat using the device's settings
If issue persists, contact manufacturer for potential hardware issues"
Smart Lights,Not responding to app commands,"Verify that your smartphone and smart lights are on the same Wi-Fi network
Check if the smart light bulbs are properly screwed in and powered
Restart the app on your smartphone
Turn the lights off and on at the physical switch
Remove and re-add the lights in your smart home app
Update the firmware of your smart lights if available"
Smart Lock,Battery draining too quickly,"Check if the lock is properly installed with no physical obstructions
Reduce the frequency of usage notifications in the app settings
Ensure the lock's firmware is up to date
Check if the door is properly aligned to prevent extra strain on the lock mechanism
Consider using lithium batteries for longer life
If problem persists, contact manufacturer as there might be a hardware issue"
Smart Security Camera,Poor video quality,"Check your internet connection speed
Ensure the camera is within good range of your Wi-Fi router
Clean the camera lens
Adjust video quality settings in the app
Check if there are any objects partially blocking the camera's view
Update the camera's firmware if available"
Smart Doorbell,No notification when pressed,"Check if notifications are enabled in your smartphone settings
Verify that the doorbell is properly connected to power
Ensure the doorbell is connected to your Wi-Fi network
Check if the doorbell's button is clean and not stuck
Restart your smartphone and the doorbell
Remove and re-add the doorbell in your smart home app"
Smart Speaker,Not responding to voice commands,"Check if the speaker's microphone is turned on
Ensure the wake word is being said clearly
Verify that the speaker is connected to Wi-Fi
Check for any background noise that might interfere with voice recognition
Restart the smart speaker
Re-train your voice model if the feature is available"
Smart Plug,Not turning on/off via app,"Verify that your smartphone and the smart plug are on the same Wi-Fi network
Check if the physical switch for the plugged-in device is turned on
Restart the smart plug by unplugging it for 10 seconds and plugging it back in
Remove and re-add the smart plug in your smart home app
Check if the smart plug's firmware needs updating
Test with a different device to ensure the issue is with the plug, not the connected device"
Smart Smoke Detector,False alarms,"Clean the detector using compressed air or a vacuum cleaner
Check if the detector is placed away from kitchens or bathrooms to avoid steam triggering it
Ensure the detector is not near air vents or windows
Update the detector's firmware if available
If in a high-humidity area, consider a detector designed for such environments
If problem persists, the detector may be faulty and need replacement"
Smart Refrigerator,Ice maker not working,"Check if the water supply to the refrigerator is turned on
Ensure the freezer temperature is set correctly (0°F or -18°C)
Verify that the ice maker arm or sensor is not obstructed
Remove any ice clumps in the ice maker
Run a test cycle using the refrigerator's settings
If issue persists, there may be a problem with the water inlet valve requiring professional service"
